gene	chromosome	start	end	strand	log2FC	FDR
C1orf127	chr1	11006528	11042094	-	0.145960995	1.000000000000000
AL713997.1	chr1	11058233	11058320	-	NA	NA
TARDBP	chr1	11072414	11085796	+	-0.089000419	1.000000000000000
MASP2	chr1	11086580	11107290	-	-0.167567983	1.000000000000000
RNU7-29P	chr1	28470667	28470728	-	0.569811176	1.000000000000000
PTAFR	chr1	28473677	28520447	-	0.594748981	0.816879825092404
AL353354.1	chr1	28527013	28527152	-	-0.765776149	1.000000000000000
OXCT2	chr1	40235195	40237020	-	-0.172541355	1.000000000000000
PPT1	chr1	40538379	40563375	-	0.605834823	0.400823510680535
RLF	chr1	40627045	40706593	+	0.278557648	1.000000000000000
TMCO2	chr1	40711619	40717363	+	-0.568500436	1.000000000000000
GFI1	chr1	92940319	92952433	-	0.011309258	1.000000000000000
EVI5	chr1	92974253	93257961	-	0.423791143	1.000000000000000
RPL5	chr1	93297615	93307481	+	-0.160520603	1.000000000000000
SNORA66	chr1	93303575	93306408	+	-0.178476064	1.000000000000000
FAM69A	chr1	93307724	93427057	-	-0.682986300	0.093445825195936
AC093577.1	chr1	93447794	93447865	-	NA	NA
RP11-458D21.1	chr1	145376125	145382397	-	-0.290271234	1.000000000000000
HFE2	chr1	145413095	145417545	+	-0.006205216	1.000000000000000
TXNIP	chr1	145438469	145442635	+	0.510666529	1.000000000000000
ADAMTSL4	chr1	150521884	150533413	+	0.942924459	0.065896464716916
MIR4257	chr1	150524405	150524490	+	0.785626737	0.793020053609439
C1orf138	chr1	150533480	150533969	-	1.049358320	0.179082090583831
MCL1	chr1	150547032	150552066	-	0.677391785	0.269072095516701
S100A1	chr1	153600402	153604513	+	-0.055862222	1.000000000000000
JTB	chr1	153946745	153950164	-	0.260005993	1.000000000000000
RAB13	chr1	153954127	153958834	-	1.828408378	0.000006157640445
RPS27	chr1	153963235	153964626	+	-0.329578460	1.000000000000000
NUP210L	chr1	153965161	154127592	-	1.139323503	0.642452563921550
TPM3	chr1	154127784	154167124	-	0.375343514	0.929867692201024
C1orf189	chr1	154171848	154178809	-	-0.048777776	1.000000000000000
C1orf43	chr1	154179196	154193104	-	0.228590158	1.000000000000000
UBAP2L	chr1	154192655	154243986	+	0.229216420	1.000000000000000
AL590431.1	chr1	154226921	154226997	+	NA	NA
HAX1	chr1	154244987	154248351	+	-0.101951429	1.000000000000000
AQP10	chr1	154293566	154297801	+	1.017346573	0.419159954702611
ATP8B2	chr1	154298029	154323783	+	-0.490307547	0.328765588341651
RNU7-57P	chr1	154311219	154311278	+	-0.919820552	0.301536568749216
ADAR	chr1	154554538	154600475	-	0.990773042	0.008067383553085
AL606500.1	chr1	154585067	154585190	+	NA	NA
RUSC1	chr1	155290687	155300905	+	0.108160228	1.000000000000000
MIR555	chr1	155316141	155316236	-	NA	NA
NR1I3	chr1	161199456	161208092	-	0.019605237	1.000000000000000
PCP4L1	chr1	161228517	161255240	+	0.808048456	0.449828647202828
MPZ	chr1	161274525	161279762	-	0.532217847	0.446098019476273
SDHC	chr1	161284047	161332984	+	0.123159390	1.000000000000000
C1orf192	chr1	161334521	161337664	-	0.057485689	1.000000000000000
FCGR3A	chr1	161511549	161600917	-	0.008036088	1.000000000000000
AC092431.3	chr2	69927324	69940979	-	NA	NA
ANXA4	chr2	69947923	70053596	+	0.424814001	0.535471949439544
GMCL1	chr2	70056774	70108528	+	0.147698999	1.000000000000000
SNRNP27	chr2	70120692	70132707	+	0.030599456	1.000000000000000
MXD1	chr2	70124820	70170077	+	0.728799028	0.365854145790902
AC019206.1	chr2	70129482	70129841	-	-0.173586074	1.000000000000000
ASPRV1	chr2	70187226	70189397	-	0.810063806	0.187504007373373
PCBP1	chr2	70314585	70316332	+	0.452631570	1.000000000000000
AC016700.2	chr2	70316853	70323232	+	NA	NA
AC016700.3	chr2	70321026	70330352	-	-0.244620563	1.000000000000000
AC016700.5	chr2	70351168	70352449	-	-0.326781398	1.000000000000000
MIR3128	chr2	178120673	178120738	-	-0.127914419	1.000000000000000
PDE11A	chr2	178492797	178973066	-	NA	NA
RBM45	chr2	178977151	179001531	+	0.017026914	1.000000000000000
OSBPL6	chr2	179059208	179264160	+	1.343322627	0.165297657838614
RP11-65L3.1	chr2	179265561	179267618	+	NA	NA
ORMDL1	chr2	190635049	190649097	-	-0.159026436	1.000000000000000
PMS1	chr2	190649107	190742355	+	-0.263596653	1.000000000000000
C2orf88	chr2	190744335	191068210	+	0.511489400	1.000000000000000
AC008122.1	chr2	190749490	190749579	+	NA	NA
MSTN	chr2	190920610	190927455	-	NA	NA
INPP1	chr2	191208196	191236391	+	0.292830802	1.000000000000000
ANO7	chr2	242127924	242164792	+	0.869413467	0.941571649398973
HDLBP	chr2	242166679	242256476	-	0.286555996	1.000000000000000
AC104841.1	chr2	242184617	242184714	-	0.018736563	1.000000000000000
SEPT2	chr2	242254515	242293442	+	0.055775491	1.000000000000000
FARP2	chr2	242295658	242434256	+	-0.597392205	0.110964211284831
MIR3133	chr2	242417320	242417397	+	NA	NA
TTLL3	chr3	9849770	9896822	+	0.441831822	0.679900657104223
AC022382.1	chr3	9862220	9870693	-	NA	NA
RPUSD3	chr3	9879533	9886286	-	-0.038575891	1.000000000000000
CIDEC	chr3	9908398	9921938	-	NA	NA
EMC3	chr3	10004221	10052800	-	0.293828799	1.000000000000000
FANCD2	chr3	10068098	10143614	+	-0.069975280	1.000000000000000
FANCD2OS	chr3	10123001	10149915	-	0.262041086	1.000000000000000
BRK1	chr3	10157276	10168874	+	0.163687472	1.000000000000000
AC034193.1	chr3	10171292	10177304	+	NA	NA
CELSR3	chr3	48673902	48700348	-	-0.054916963	1.000000000000000
MIR4793	chr3	48681627	48681713	-	NA	NA
NCKIPSD	chr3	48701364	48723797	-	-0.028536576	1.000000000000000
RP11-460I19.2	chr4	1021466	1022760	+	NA	NA
RNF212	chr4	1050038	1107350	-	-0.362864631	1.000000000000000
SPON2	chr4	1160720	1202750	-	-0.619566671	1.000000000000000
AC092535.1	chr4	1189609	1195204	-	-0.397810622	1.000000000000000
YTHDC2	chr5	112849380	112930982	+	-0.231970584	1.000000000000000
KCNN2	chr5	113696666	113832321	+	NA	NA
TRIM36	chr5	114460459	114516243	-	0.471548986	1.000000000000000
GPRIN1	chr5	176022803	176037134	-	0.050166449	1.000000000000000
SNCB	chr5	176047085	176057530	-	NA	NA
EIF4E1B	chr5	176057683	176073642	+	NA	NA
TSPAN17	chr5	176074388	176086058	+	-0.056926368	1.000000000000000
RP11-375B1.3	chr5	176170206	176170803	+	NA	NA
C6orf222	chr6	36283534	36304662	-	0.578043087	1.000000000000000
ETV7	chr6	36322419	36356164	-	2.157566412	0.000235876869235
PXT1	chr6	36358328	36410666	-	0.291074431	1.000000000000000
KCTD20	chr6	36410544	36458920	+	0.364448806	0.879106429500142
STK38	chr6	36461669	36515247	-	0.084795909	1.000000000000000
Z85986.1	chr6	36478294	36478375	-	-0.015250659	1.000000000000000
PI16	chr6	36555311	36932613	+	-0.248032378	1.000000000000000
SRSF3	chr6	36562145	36571209	+	-0.064410714	1.000000000000000
MIR3925	chr6	36590213	36590289	-	NA	NA
C7orf50	chr7	1036623	1177896	-	0.208493141	1.000000000000000
GPR146	chr7	1084212	1098897	+	0.228030351	1.000000000000000
GPER	chr7	1121844	1133451	+	1.980162387	0.000769658332063
ZFAND2A	chr7	1191707	1200395	-	0.149429241	1.000000000000000
UNCX	chr7	1272543	1276954	+	NA	NA
RNF216	chr7	5659678	5821370	-	0.082101699	1.000000000000000
OCM	chr7	5919458	5925993	+	-0.214629492	1.000000000000000
CCZ1	chr7	5938356	5965605	+	0.027026360	1.000000000000000
RSPH10B	chr7	5965177	6010314	-	0.325815282	1.000000000000000
PMS2	chr7	6012870	6048756	-	-0.265347189	1.000000000000000
AIMP2	chr7	6048876	6063465	+	-0.062633438	1.000000000000000
EIF2AK1	chr7	6061881	6098861	-	0.101139670	1.000000000000000
ANKRD61	chr7	6071007	6076017	+	-0.122516558	1.000000000000000
AC004895.4	chr7	6120734	6132716	+	NA	NA
AC004895.1	chr7	6122736	6122805	+	NA	NA
MYL7	chr7	44178463	44180931	-	NA	NA
GCK	chr7	44183872	44237769	-	-0.041869731	1.000000000000000
YKT6	chr7	44240567	44253893	+	0.183359759	1.000000000000000
CAMK2B	chr7	44256749	44374176	-	-1.260375573	1.000000000000000
UPK3B	chr7	76139745	76648340	+	0.576076523	1.000000000000000
POMZP3	chr7	76239303	76256578	-	0.072674653	1.000000000000000
AC005522.7	chr7	76601996	76606278	-	NA	NA
PVRIG	chr7	99815864	99819113	+	0.260831942	1.000000000000000
AC005071.1	chr7	99817650	99817743	-	NA	NA
SPDYE3	chr7	99905325	99919819	+	-0.295190374	1.000000000000000
PILRB	chr7	99933702	99965454	+	-0.215543031	1.000000000000000
PILRA	chr7	99965153	99997719	+	0.815460707	0.073328594384986
AC005071.2	chr7	99998731	100001824	+	NA	NA
TRBV25-1	chr7	142378572	142379076	+	-0.657847244	0.990765942173196
TRBV27	chr7	142423173	142423688	+	-0.477781536	1.000000000000000
TRBV28	chr7	142428484	142428984	+	-0.685477420	1.000000000000000
TRBV29-1	chr7	142448053	142448741	+	-0.233544752	1.000000000000000
PRSS1	chr7	142457319	142460923	+	-0.967736417	1.000000000000000
RP11-728K20.2	chr7	149697841	149702213	+	NA	NA
RP11-545G3.1	chr7	149737610	149773744	+	NA	NA
ACTR3C	chr7	149941005	150020814	-	0.041692887	1.000000000000000
LRRC61	chr7	150019728	150035239	+	0.417362401	1.000000000000000
C7orf29	chr7	150026938	150029808	+	-0.041392564	1.000000000000000
RARRES2	chr7	150035408	150038763	-	0.279235858	1.000000000000000
REPIN1	chr7	150065278	150071133	+	0.092548961	1.000000000000000
ZNF775	chr7	150065879	150109558	+	-0.455326379	0.467208357770783
RP11-511P7.2	chr7	150130742	150145228	+	-0.909202723	0.032340229187195
GIMAP8	chr7	150147718	150176480	+	0.486583307	0.860217047151243
GIMAP7	chr7	150211918	150218161	+	-0.057774292	1.000000000000000
GIMAP4	chr7	150264365	150271041	+	0.375921643	0.913635293087321
GIMAP6	chr7	150322463	150329473	-	-0.060257220	1.000000000000000
GIMAP2	chr7	150382785	150390729	+	0.194265990	1.000000000000000
GIMAP1	chr7	150413645	150421372	+	0.006312448	1.000000000000000
GIMAP5	chr7	150419341	150447121	+	-0.272105041	1.000000000000000
GALNTL5	chr7	151653464	151717019	+	NA	NA
LGI3	chr8	22004338	22014597	-	NA	NA
SFTPC	chr8	22014426	22021992	+	NA	NA
BMP1	chr8	22022249	22069839	+	-0.029127724	1.000000000000000
PHYHIP	chr8	22077222	22089854	-	NA	NA
MIR320A	chr8	22102475	22102556	-	NA	NA
POLR3D	chr8	22102617	22109485	+	-0.180708200	1.000000000000000
PIWIL2	chr8	22132810	22215076	+	-0.538028520	1.000000000000000
SLC39A14	chr8	22224762	22291642	+	-0.357712325	1.000000000000000
PPP3CC	chr8	22298332	22398652	+	-0.434497467	0.420800318698812
SORBS3	chr8	22402499	22433301	+	-0.390642688	1.000000000000000
PDLIM2	chr8	22435792	22455538	+	0.490045995	0.910982578568686
AC037459.4	chr8	22446787	22459597	+	NA	NA
C8orf58	chr8	22457114	22461663	+	0.196349274	1.000000000000000
KIAA1967	chr8	22462145	22479027	+	-0.039005626	1.000000000000000
BIN3	chr8	22477931	22526661	-	0.475395311	0.605269120842465
EGR3	chr8	22545172	22550815	-	0.067229173	1.000000000000000
PEBP4	chr8	22570769	22857513	-	NA	NA
RP11-875O11.1	chr8	22842109	22876848	-	-0.401526705	1.000000000000000
RHOBTB2	chr8	22844930	22877712	+	-0.531366183	0.516429412585301
TNFRSF10B	chr8	22877646	22926692	-	0.293787238	1.000000000000000
RP11-875O11.2	chr8	22925742	22941132	+	0.859203685	0.536271012037045
GOLGA2	chr9	131018108	131038274	-	0.315498980	1.000000000000000
AL590708.1	chr9	131019986	131020068	-	NA	NA
SWI5	chr9	131037658	131051269	+	-0.125473275	1.000000000000000
AL359091.2	chr9	131062367	131064212	+	-0.349407066	1.000000000000000
SLC2A6	chr9	136336217	136344259	-	0.161988441	1.000000000000000
TMEM8C	chr9	136379708	136393734	-	NA	NA
ADAMTSL2	chr9	136397286	136440641	+	-0.582157651	1.000000000000000
FAM163B	chr9	136444079	136451319	-	NA	NA
DBH	chr9	136501482	136524466	+	-0.873454678	0.551109883910577
AL590710.2	chr9	136566925	136570642	+	-0.593067823	1.000000000000000
EGFL7	chr9	139553308	139567130	+	0.524798022	1.000000000000000
MIR126	chr9	139565054	139565138	+	NA	NA
AGPAT2	chr9	139567595	139581875	-	0.756267375	0.113290171241685
AL590226.1	chr9	139588588	139588714	+	NA	NA
FAM69B	chr9	139607022	139618502	+	-0.403814603	1.000000000000000
LCN6	chr9	139632619	139642980	-	-0.208878636	1.000000000000000
LCN10	chr9	139632619	139637808	-	-1.502575536	0.045722708928004
LCN8	chr9	139648838	139652678	-	-1.522092078	1.000000000000000
LCN15	chr9	139654086	139660707	-	-0.542678665	1.000000000000000
TMEM141	chr9	139685807	139695010	+	0.167249398	1.000000000000000
KIAA1984	chr9	139690802	139704494	+	-0.193073355	1.000000000000000
MMS19	chr10	99218081	99258551	-	-0.212927913	1.000000000000000
AL355490.2	chr10	99242426	99242530	+	NA	NA
UBTD1	chr10	99258625	99330966	+	0.855225352	0.103879230390950
ANKRD2	chr10	99332198	99343641	+	0.219561400	1.000000000000000
HOGA1	chr10	99344080	99372559	+	NA	NA
PI4K2A	chr10	99344131	99436191	+	-0.131957710	1.000000000000000
C10orf62	chr10	99349450	99350690	+	NA	NA
MORN4	chr10	99374310	99393852	-	-0.363264746	1.000000000000000
ELOVL3	chr10	103986085	103989346	+	1.592613360	0.001250391557172
PITX3	chr10	103989943	104001231	-	NA	NA
GBF1	chr10	104005289	104142656	+	0.163667656	1.000000000000000
AL160011.1	chr10	104020987	104021063	+	NA	NA
SNORA23	chr11	9450320	9450501	+	NA	NA
AC132192.1	chr11	9481747	9482010	-	-0.619911427	1.000000000000000
ZNF143	chr11	9481866	9550071	+	0.252098335	1.000000000000000
WEE1	chr11	9595228	9615004	+	-0.759133986	0.044434299093467
SWAP70	chr11	9685624	9774538	+	-0.412428700	1.000000000000000
RP11-540A21.2	chr11	9776317	9781080	-	NA	NA
SBF2-AS1	chr11	9779839	9832866	+	-0.212203165	1.000000000000000
SBF2	chr11	9800214	10315754	-	0.776016759	0.110350408562877
RNU7-28P	chr11	9865362	9865423	-	NA	NA
FRMD8	chr11	65154070	65180996	+	0.213544210	1.000000000000000
NEAT1	chr11	65190245	65213011	+	0.329283993	1.000000000000000
AP000769.1	chr11	65222728	65234028	+	0.108333677	1.000000000000000
MALAT1	chr11	65265233	65273940	+	0.231177988	1.000000000000000
RP11-867G23.3	chr11	66037303	66045996	-	0.186921261	1.000000000000000
CNIH2	chr11	66045661	66052772	+	0.205919430	1.000000000000000
YIF1A	chr11	66052051	66056641	-	-0.030196639	1.000000000000000
TMEM151A	chr11	66059341	66064135	+	NA	NA
CD248	chr11	66081958	66084515	-	1.152312818	0.276451648319536
RIN1	chr11	66097713	66104311	-	0.786634804	0.320755547185488
BRMS1	chr11	66104804	66112596	-	0.295637776	1.000000000000000
B3GNT1	chr11	66112843	66115163	-	-0.242887582	1.000000000000000
RP11-867G23.8	chr11	66115421	66132275	+	-0.384983707	1.000000000000000
SLC29A2	chr11	66129992	66139685	-	-0.722401153	0.094629271938280
RP11-867G23.10	chr11	66176629	66184608	+	NA	NA
NPAS4	chr11	66188475	66194178	+	NA	NA
MRPL11	chr11	66202546	66234209	-	-0.084508051	1.000000000000000
PELI3	chr11	66234216	66244808	+	-0.012849634	1.000000000000000
CLEC2B	chr12	10005583	10022735	-	0.492843743	1.000000000000000
KLRF2	chr12	10034088	10048432	+	NA	NA
PFDN5	chr12	53689075	53693234	+	0.049142573	1.000000000000000
C12orf10	chr12	53693470	53700961	+	-0.093491257	1.000000000000000
AAAS	chr12	53701240	53718648	-	-0.086615746	1.000000000000000
SP7	chr12	53720362	53739099	-	-0.432477895	1.000000000000000
PIP4K2C	chr12	57984957	57997198	+	0.190943905	1.000000000000000
DTX3	chr12	57998405	58003587	+	-0.503878248	0.470792238285344
ARHGEF25	chr12	58003963	58013162	+	-0.367866835	1.000000000000000
SLC26A10	chr12	58013310	58019934	+	NA	NA
B4GALNT1	chr12	58017193	58027138	-	NA	NA
NAA25	chr12	112464500	112546826	-	-0.218750840	1.000000000000000
MIR3657	chr12	112475403	112475519	-	NA	NA
TRAFD1	chr12	112563305	112591407	+	0.975411513	0.004149224692636
HECTD4	chr12	112597992	112819896	-	-0.154382125	1.000000000000000
RPL6	chr12	112842994	112856642	-	-0.073590635	1.000000000000000
PTPN11	chr12	112856155	112947717	+	0.020634499	1.000000000000000
RPH3A	chr12	113008184	113336686	+	1.212695594	0.441206070758571
OAS1	chr12	113344582	113369990	+	2.452270458	0.000006189792782
OAS3	chr12	113376157	113411054	+	3.234391733	0.000000206032055
OAS2	chr12	113416200	113449528	+	2.242160710	0.000064816997569
DTX1	chr12	113494514	113535833	+	-0.778629959	0.246433154220480
DENR	chr12	123237321	123255611	+	0.039794500	1.000000000000000
CCDC62	chr12	123258874	123312075	+	0.120078803	1.000000000000000
HIP1R	chr12	123319000	123347507	+	-0.619991340	0.124288240272697
VPS37B	chr12	123349882	123380991	-	0.281534511	1.000000000000000
ABCB9	chr12	123405498	123466196	-	-0.694586534	0.227340696966004
OGFOD2	chr12	123459127	123464590	+	0.109313127	1.000000000000000
ARL6IP4	chr12	123464333	123467456	+	-0.159543714	1.000000000000000
PITPNM2	chr12	123468027	123634562	-	-0.450932101	1.000000000000000
MIR4304	chr12	123495214	123495275	-	NA	NA
RP11-197N18.7	chr12	123565931	123569291	+	-0.644721595	1.000000000000000
RNA5SP375	chr12	123767463	123767581	-	NA	NA
AE000660.1	chr14	22610887	22610964	+	NA	NA
TRAV36DV7	chr14	22694641	22695149	+	-0.747328857	0.286302466978439
TRAV38-1	chr14	22739851	22740446	+	-0.846121060	0.952461949467631
TRAV38-2DV8	chr14	22748988	22749631	+	0.064651206	1.000000000000000
TRAV39	chr14	22771939	22772438	+	-0.129794753	1.000000000000000
TRAV40	chr14	22782922	22783351	+	0.517866219	1.000000000000000
TRAV41	chr14	22788620	22789123	+	-0.551305329	1.000000000000000
TRDV2	chr14	22891362	22892033	+	-2.976593433	0.000000001921277
TRDD2	chr14	22907999	22908007	+	NA	NA
TRDD3	chr14	22918105	22918117	+	NA	NA
TRDJ1	chr14	22919081	22919131	+	NA	NA
TRDJ4	chr14	22924241	22924288	+	-0.552218900	1.000000000000000
TRDJ2	chr14	22925681	22925734	+	-0.963955141	0.753809805472434
TRDJ3	chr14	22928090	22928148	+	NA	NA
TRDC	chr14	22931924	22934779	+	-1.221291398	0.000783698459052
TRDV3	chr14	22938033	22938690	-	-0.910180155	1.000000000000000
TRAJ1	chr14	23013981	23014042	+	NA	NA
TRAC	chr14	23016447	23021083	+	-0.508258870	0.285959256564508
AE000662.92	chr14	23025534	23027939	+	-0.406068542	1.000000000000000
DAD1	chr14	23033805	23058175	-	0.054010456	1.000000000000000
AL160314.1	chr14	23064715	23067855	-	0.062118671	1.000000000000000
ABHD4	chr14	23067146	23081265	+	0.415512610	1.000000000000000
OR6J1	chr14	23102673	23103716	-	NA	NA
OXA1L	chr14	23235731	23241007	+	0.059159517	1.000000000000000
AL135998.1	chr14	23286463	23291750	-	0.286895839	1.000000000000000
DHRS2	chr14	24099324	24114848	+	NA	NA
DHRS4	chr14	24422795	24438488	+	0.518105816	1.000000000000000
DHRS4L2	chr14	24439148	24475617	+	0.505133402	1.000000000000000
LRRC16B	chr14	24521206	24538937	+	-0.317481481	1.000000000000000
CPNE6	chr14	24540046	24547309	+	0.990680351	1.000000000000000
AB019440.1	chr14	106663421	106663529	+	NA	NA
IGHV3-20	chr14	106667581	106668095	-	-1.200958679	0.490175244103050
IGHV3-21	chr14	106691673	106692203	-	-0.883477619	0.945274581762524
IGHV3-23	chr14	106725201	106725733	-	-1.068878307	0.697848388099134
IGHV1-24	chr14	106733144	106733639	-	-0.498267761	1.000000000000000
LINC00226	chr14	106744269	106744975	+	NA	NA
IGHV2-26	chr14	106757650	106758116	-	-0.333172729	1.000000000000000
FBXL22	chr15	63889552	63894627	+	-0.166162025	1.000000000000000
HERC1	chr15	63900817	64126141	-	-0.063926167	1.000000000000000
MIR422A	chr15	64163129	64163218	-	NA	NA
DAPK2	chr15	64199235	64364232	-	0.766416701	0.262663858756721
FAM96A	chr15	64364758	64386217	-	0.168078716	1.000000000000000
SNX1	chr15	64386322	64438289	+	0.230430535	1.000000000000000
SNX22	chr15	64443914	64449680	+	-1.226287527	0.001025588581803
CYP1A1	chr15	75011883	75017951	-	NA	NA
CYP1A2	chr15	75041185	75048543	+	0.687623750	1.000000000000000
CSK	chr15	75074398	75095539	+	0.366026557	1.000000000000000
MIR4513	chr15	75081013	75081098	-	0.085000833	1.000000000000000
IGFALS	chr16	1840414	1844972	-	-0.432026497	1.000000000000000
HAGH	chr16	1845621	1877195	-	0.263952740	1.000000000000000
FAHD1	chr16	1876968	1890208	+	0.135268730	1.000000000000000
MEIOB	chr16	1883984	1934295	-	0.237372317	1.000000000000000
DDX28	chr16	68055179	68057770	-	-0.021864369	1.000000000000000
AC130462.1	chr16	68089682	68089787	-	NA	NA
NFATC3	chr16	68118654	68263162	+	-0.164406782	1.000000000000000
ESRP2	chr16	68263014	68272005	-	-0.098917387	1.000000000000000
RP11-615I2.7	chr16	68595964	68601032	+	-0.206359482	1.000000000000000
CDH3	chr16	68670092	68756519	+	-0.514089930	1.000000000000000
CDH1	chr16	68771128	68869445	+	-0.540849654	1.000000000000000
TMCO7	chr16	68877507	69119083	+	0.002420529	1.000000000000000
RP11-521L9.1	chr16	68961450	68982164	-	NA	NA
HAS3	chr16	69139467	69152622	+	-0.325012071	1.000000000000000
CHTF8	chr16	69151913	69166487	-	0.002929208	1.000000000000000
CIRH1A	chr16	69165194	69202941	+	-0.159504132	1.000000000000000
RNU6-22	chr16	69209574	69209680	-	NA	NA
SNTB2	chr16	69221032	69342955	+	0.249899935	1.000000000000000
P2RX1	chr17	3799886	3819794	-	0.803648838	0.071876352295382
ATP2A3	chr17	3827169	3867736	-	0.103093573	1.000000000000000
RP11-459C13.1	chr17	3880397	3885193	+	NA	NA
ZZEF1	chr17	3907739	4046314	-	0.224165996	1.000000000000000
RNA5SP434	chr17	3960050	3960170	-	-0.286770491	1.000000000000000
CYB5D2	chr17	4046462	4090605	+	-0.042043561	1.000000000000000
TNK1	chr17	7283853	7293093	+	-0.470001236	0.959499234121715
PLSCR3	chr17	7293046	7307416	-	-0.109797123	1.000000000000000
C17orf61	chr17	7306294	7307456	-	-0.196569140	1.000000000000000
NLGN2	chr17	7308193	7323179	+	-0.117225169	1.000000000000000
C17orf74	chr17	7328934	7330887	+	NA	NA
RAD51D	chr17	33426811	33448541	-	-0.224854472	1.000000000000000
FNDC8	chr17	33448598	33457751	+	0.626350799	1.000000000000000
NLE1	chr17	33455772	33469334	-	-0.330563178	1.000000000000000
UNC45B	chr17	33474836	33516364	+	-0.917074572	0.264749738360953
SLC35G3	chr17	33519539	33521412	-	0.867693655	1.000000000000000
CDK12	chr17	37617764	37721160	+	0.112849154	1.000000000000000
NEUROD2	chr17	37759789	37766030	-	NA	NA
AC087491.2	chr17	37775866	37778766	+	NA	NA
PPP1R1B	chr17	37782993	37792879	+	NA	NA
RP11-94L15.2	chr17	37913974	37920089	-	-0.678351754	0.025532956764200
IKZF3	chr17	37921198	38020441	-	-0.581229929	0.611567107758798
ZPBP2	chr17	38024417	38034149	+	NA	NA
GSDMB	chr17	38060848	38077313	-	-0.084315663	1.000000000000000
ORMDL3	chr17	38077294	38083854	-	0.011987802	1.000000000000000
RP11-387H17.4	chr17	38083995	38095854	+	0.777635023	0.863705811675350
LRRC3C	chr17	38097727	38101000	+	NA	NA
GSDMA	chr17	38119226	38134019	+	0.432101915	1.000000000000000
PSMD3	chr17	38137050	38154213	+	0.041045578	1.000000000000000
RP11-387H17.6	chr17	38168479	38170958	-	-0.096128203	1.000000000000000
CSF3	chr17	38171614	38174066	+	0.413978703	1.000000000000000
KCNH4	chr17	40308913	40333296	-	-0.263949906	1.000000000000000
HCRT	chr17	40336078	40337470	-	0.325611612	1.000000000000000
GHDC	chr17	40340817	40346531	-	0.074325064	1.000000000000000
RAMP2-AS1	chr17	40905932	40913275	-	0.057354106	1.000000000000000
RAMP2	chr17	40910465	40915059	+	0.057354106	1.000000000000000
VPS25	chr17	40925454	40931617	+	0.210983437	1.000000000000000
WNK4	chr17	40932696	40948954	+	0.448929814	1.000000000000000
COA3	chr17	40947165	40950722	-	-0.015035071	1.000000000000000
CNTD1	chr17	40950810	40963605	+	0.263668864	1.000000000000000
SCRN2	chr17	45915058	45918699	-	-0.294884015	1.000000000000000
SP6	chr17	45922279	45933240	-	0.596988266	1.000000000000000
RP11-6N17.1	chr17	45940708	45942556	+	NA	NA
RP11-6N17.2	chr17	45956838	45959764	-	-0.525149690	1.000000000000000
SP2	chr17	45973516	46006323	+	0.335500835	1.000000000000000
PNPO	chr17	46018872	46025654	+	0.026116336	1.000000000000000
PRR15L	chr17	46029333	46035244	-	-0.451995945	1.000000000000000
CDK5RAP3	chr17	46045176	46059140	+	0.108483417	1.000000000000000
MIR152	chr17	46114527	46114613	-	NA	NA
CD300LB	chr17	72517313	72527613	-	0.553575913	0.427802309224995
CD300C	chr17	72537247	72542282	-	0.762645225	0.133928983395395
CD300LD	chr17	72575504	72588422	-	0.335874033	1.000000000000000
C17orf77	chr17	72580818	72590348	+	NA	NA
CTD-2006K23.1	chr17	72595979	72603368	+	0.330210640	1.000000000000000
RP11-552F3.12	chr17	73894726	73926210	-	NA	NA
FBF1	chr17	73905655	73937221	-	-0.383310320	1.000000000000000
ACOX1	chr17	73937588	73975515	-	0.708783709	0.179779955464149
TEN1	chr17	73975301	73996667	+	0.477019209	1.000000000000000
CDK3	chr17	73996987	74002080	+	0.248662802	1.000000000000000
DNAH17	chr17	76419778	76573476	-	0.700704104	0.537906465237520
AC016182.1	chr17	76494911	76499138	+	NA	NA
CTD-2357A8.3	chr17	76613471	76628139	-	0.048795463	1.000000000000000
SGSH	chr17	78180515	78194722	-	-0.019519217	1.000000000000000
SLC26A11	chr17	78193498	78227299	+	-0.485379413	0.429890033926880
RNF213	chr17	78234665	78372586	+	0.979155486	0.022509091455860
ENDOV	chr17	78388965	78411886	+	-0.084134196	1.000000000000000
MIR4730	chr17	78393218	78393293	+	-0.182114410	1.000000000000000
CTD-2526A2.2	chr17	78427535	78428529	-	NA	NA
NPTX1	chr17	78440948	78451643	-	-0.065960441	1.000000000000000
RPTOR	chr17	78518619	78940171	+	-0.092196819	1.000000000000000
TMEM105	chr17	79285074	79304474	-	0.839256951	1.000000000000000
RP11-1055B8.3	chr17	79349801	79359160	-	NA	NA
RP11-1055B8.6	chr17	79369275	79376779	+	0.880895212	0.400823510680535
BAHCC1	chr17	79373540	79433357	+	1.016546048	0.035360990998603
MIR4740	chr17	79374516	79374578	-	NA	NA
C19orf21	chr19	751126	764318	+	NA	NA
AC006273.5	chr19	782796	785080	+	NA	NA
AC006273.7	chr19	786365	786965	+	0.404975573	1.000000000000000
PTBP1	chr19	797075	812327	+	-0.052174720	1.000000000000000
RAX2	chr19	3769087	3772233	-	-0.074662000	1.000000000000000
MATK	chr19	3777971	3802127	-	-0.480059060	1.000000000000000
ZFR2	chr19	3804022	3869030	-	-0.727237723	0.808568612826779
ATCAY	chr19	3879862	3928077	+	NA	NA
NMRK2	chr19	3933101	3942414	+	NA	NA
PLIN3	chr19	4838353	4867780	-	0.761661830	0.127726973328565
AC027319.2	chr19	4876724	4876810	+	0.052775277	1.000000000000000
AC027319.1	chr19	4889215	4889310	-	-0.091454595	1.000000000000000
ARRDC5	chr19	4890449	4902879	-	0.014897332	1.000000000000000
MIR4747	chr19	4932699	4932752	+	NA	NA
KDM4B	chr19	4969125	5153606	+	0.535177805	1.000000000000000
PTPRS	chr19	5158506	5340814	-	-0.464174647	1.000000000000000
ZNRF4	chr19	5455426	5456867	+	NA	NA
SPC24	chr19	11242196	11266484	-	0.433141476	1.000000000000000
KANK2	chr19	11274943	11308467	-	0.900348981	0.482975098226406
C19orf80	chr19	11348178	11352619	+	NA	NA
ZNF442	chr19	12460185	12476719	-	-0.673866093	1.000000000000000
ZNF799	chr19	12490003	12512088	-	0.070834034	1.000000000000000
ZNF443	chr19	12540521	12551926	-	0.233992677	1.000000000000000
CTD-3105H18.18	chr19	12543917	12595630	-	-0.043822530	1.000000000000000
ZNF709	chr19	12571998	12662288	-	-0.545996354	0.548898496764619
ZNF564	chr19	12636185	12662356	-	0.168941093	1.000000000000000
CTD-2192J16.20	chr19	12636534	12691789	-	0.049204712	1.000000000000000
CTD-2192J16.11	chr19	12663411	12664458	+	-0.447729178	1.000000000000000
ZNF490	chr19	12688775	12750912	-	-0.034389101	1.000000000000000
ZNF791	chr19	12721732	12742735	+	-0.050630044	1.000000000000000
CTD-2192J16.22	chr19	12754645	12759211	-	NA	NA
BEST2	chr19	12862516	12869272	+	0.371979967	1.000000000000000
HOOK2	chr19	12873817	12983554	-	-0.091737248	1.000000000000000
CTD-2659N19.9	chr19	12895353	12895915	-	0.398607507	1.000000000000000
MIR5684	chr19	12897942	12898006	+	NA	NA
JUNB	chr19	12902310	12904124	+	0.834680424	0.115070294234305
PRDX2	chr19	12907634	12912694	-	-0.289753781	1.000000000000000
RNASEH2A	chr19	12917394	12924452	+	-0.055251061	1.000000000000000
RTBDN	chr19	12936292	12946242	-	0.421048050	1.000000000000000
MAST1	chr19	12944765	12985765	+	0.395554103	1.000000000000000
AC020934.1	chr19	12983475	12983544	-	NA	NA
DNASE2	chr19	12986025	12992282	-	0.294535977	1.000000000000000
KLF1	chr19	12995237	12997995	-	1.019033770	0.504834196137027
GCDH	chr19	13001840	13025021	+	-0.101303625	1.000000000000000
SYCE2	chr19	13009600	13030090	-	-0.548545410	0.644502095327982
MIR5695	chr19	13031134	13031218	+	NA	NA
FARSA	chr19	13033293	13044851	-	0.172698907	1.000000000000000
CALR	chr19	13049392	13055303	+	-0.033160306	1.000000000000000
RAD23A	chr19	13056669	13064456	+	-0.018229339	1.000000000000000
GADD45GIP1	chr19	13064972	13068050	-	-0.053610008	1.000000000000000
AC005513.1	chr19	13486743	13486827	-	NA	NA
AC008686.1	chr19	13890884	13900972	-	0.340087106	1.000000000000000
ZSWIM4	chr19	13906274	13943044	+	0.451881158	1.000000000000000
CTD-3252C9.4	chr19	13945330	13947103	-	0.271143273	1.000000000000000
MIR24-2	chr19	13947101	13947173	-	0.217697999	1.000000000000000
MIR27A	chr19	13947254	13947331	-	0.452382405	1.000000000000000
MIR23A	chr19	13947401	13947473	-	0.278635439	1.000000000000000
NANOS3	chr19	13972877	13991571	+	0.379965847	1.000000000000000
MIR181C	chr19	13985513	13985622	+	NA	NA
MIR181D	chr19	13985689	13985825	+	NA	NA
ARHGAP33	chr19	36265434	36279724	+	-0.081847877	1.000000000000000
AC002398.5	chr19	36279778	36288787	-	0.325366506	1.000000000000000
PRODH2	chr19	36290890	36304201	-	NA	NA
NPHS1	chr19	36316866	36342740	-	NA	NA
KIRREL2	chr19	36346763	36358036	+	NA	NA
APLP1	chr19	36358801	36370693	+	0.426019668	1.000000000000000
NFKBID	chr19	36378555	36393185	-	0.096169963	1.000000000000000
HCST	chr19	36393382	36395279	+	0.023651487	1.000000000000000
TYROBP	chr19	36395303	36399211	-	0.875110982	0.019454371416695
LRFN3	chr19	36426260	36436669	+	-0.426594327	1.000000000000000
AF038458.2	chr19	36440386	36442421	+	-0.280927754	1.000000000000000
AF038458.5	chr19	36451414	36454965	+	NA	NA
SDHAF1	chr19	36486090	36487220	+	0.057692862	1.000000000000000
GRIK5	chr19	42502473	42573650	-	0.544671830	1.000000000000000
ZNF574	chr19	42572629	42585701	+	-0.145190240	1.000000000000000
MIR4323	chr19	42637597	42637665	-	-0.439085672	1.000000000000000
AC010247.1	chr19	42697230	42697281	+	NA	NA
PLAUR	chr19	44150247	44174699	-	0.956072403	0.003552514081606
AC006953.1	chr19	44167328	44167426	-	0.761677754	0.726949463292627
IRGC	chr19	44220162	44224173	+	NA	NA
SMG9	chr19	44235301	44259142	-	-0.028552672	1.000000000000000
KCNN4	chr19	44270685	44285409	-	-0.824288409	0.105738679737742
AC115522.3	chr19	44298461	44299810	-	NA	NA
LYPD5	chr19	44300081	44331358	-	0.162593713	1.000000000000000
ZNF283	chr19	44331444	44353307	+	-0.280924203	1.000000000000000
CEACAM16	chr19	45202421	45213986	+	NA	NA
BCL3	chr19	45250962	45263301	+	0.817717446	0.242638346021874
CBLC	chr19	45281126	45303891	+	NA	NA
BCAM	chr19	45312328	45324673	+	0.821799901	1.000000000000000
PVRL2	chr19	45349432	45392485	+	1.839774402	0.049581505430905
MAMSTR	chr19	49215999	49222978	-	-0.489822237	1.000000000000000
RASIP1	chr19	49223844	49243978	-	0.567124659	1.000000000000000
IZUMO1	chr19	49244109	49250166	-	NA	NA
FUT1	chr19	49251268	49258647	-	0.143609663	1.000000000000000
FGF21	chr19	49258816	49261587	+	NA	NA
BCAT2	chr19	49298322	49314320	-	-0.193263401	1.000000000000000
HSD17B14	chr19	49316274	49339935	-	-0.453487608	1.000000000000000
PPP2R1A	chr19	52693292	52730687	+	0.109715411	1.000000000000000
ZNF766	chr19	52772824	52795977	+	-0.153325192	1.000000000000000
MIR643	chr19	52785050	52785146	+	-0.280733953	1.000000000000000
RPS9	chr19	54704610	54752862	+	0.134661447	1.000000000000000
LILRB3	chr19	54720147	54746602	-	0.691239050	0.324292686575414
LILRA6	chr19	54720737	54747130	-	0.967915064	0.005319764850899
CTB-83J4.1	chr19	54728395	54728753	+	0.258832813	1.000000000000000
CTD-2337J16.1	chr19	54753289	54753907	-	0.084151553	1.000000000000000
ZNF497	chr19	58865723	58874214	-	0.014351927	1.000000000000000
RNA5SP473	chr19	58874805	58874929	+	NA	NA
ZNF837	chr19	58878985	58892427	-	-0.278674241	1.000000000000000
RPS5	chr19	58897767	58906173	+	-0.289768168	1.000000000000000
MIR4754	chr19	58898137	58898225	-	NA	NA
AC012313.1	chr19	58907457	58908407	+	NA	NA
CTD-2619J13.13	chr19	58911588	58912046	+	NA	NA
ZNF584	chr19	58912871	58929694	+	-0.368297556	1.000000000000000
CTD-2619J13.14	chr19	58915605	58919851	-	-0.025659592	1.000000000000000
CTD-2619J13.16	chr19	58929927	58930677	+	NA	NA
CTD-2619J13.17	chr19	58939999	58942515	-	-0.239172596	1.000000000000000
ZNF132	chr19	58944181	58951589	-	-0.338030185	1.000000000000000
CTD-2619J13.19	chr19	58951815	58957216	+	-0.797458799	0.486878013006591
RP5-1125A11.1	chr20	32570858	32582163	-	0.240567776	1.000000000000000
RALY	chr20	32581452	32696114	+	0.374634322	1.000000000000000
RP5-1125A11.4	chr20	32602775	32605555	-	0.409782710	1.000000000000000
MIR4755	chr20	32636925	32636996	+	0.078797363	1.000000000000000
EIF2S2	chr20	32676104	32700138	-	0.084110185	1.000000000000000
ASIP	chr20	32782375	32857150	+	-0.245254258	1.000000000000000
AHCY	chr20	32868074	32899608	-	0.100209925	1.000000000000000
ITCH	chr20	32951041	33099198	+	0.150220924	1.000000000000000
MIR644A	chr20	33054130	33054223	+	NA	NA
DYNLRB1	chr20	33104214	33128762	+	0.103003268	1.000000000000000
IFNGR2	chr21	34775202	34851655	+	0.648370440	0.085957617103602
TMEM50B	chr21	34804792	34852318	-	-0.353317487	1.000000000000000
AP000301.1	chr21	34836773	34836865	+	NA	NA
DNAJC28	chr21	34860497	34864027	-	-0.435473105	1.000000000000000
BX470187.1	chr22	36834869	36834971	-	NA	NA
RP5-1119A7.14	chr22	36841445	36850991	-	0.754207172	1.000000000000000
TXN2	chr22	36863083	36878077	-	0.073512286	1.000000000000000
FOXRED2	chr22	36883237	36903148	-	-0.089193240	1.000000000000000
EIF3D	chr22	36906897	36925483	-	-0.004407157	1.000000000000000
IFT27	chr22	37154246	37172300	-	-0.107783611	1.000000000000000
PVALB	chr22	37196728	37215523	-	0.653936486	1.000000000000000
NCF4	chr22	37257030	37274057	+	0.757784596	0.090081508827562
CSF2RB	chr22	37309670	37336491	+	0.841881054	0.141738304674447
TEX33	chr22	37387163	37403882	-	NA	NA
TST	chr22	37406900	37415681	-	0.670011238	0.246493265232297
MPST	chr22	37415676	37425863	+	0.536452047	0.329321973357287
KCTD17	chr22	37447779	37459430	+	0.020270597	1.000000000000000
CSNK1E	chr22	38686697	38794527	-	-0.335260493	1.000000000000000
KCNJ4	chr22	38822332	38851205	-	NA	NA
KDELR3	chr22	38864067	38879452	+	-0.004838613	1.000000000000000
DDX17	chr22	38879445	38903665	-	0.116479024	1.000000000000000
DMC1	chr22	38914954	38966291	-	0.525346799	1.000000000000000
FAM227A	chr22	38974125	39052634	-	-0.255815022	1.000000000000000
CBY1	chr22	39052641	39069859	+	-0.247393594	1.000000000000000
CBX6	chr22	39257455	39268319	-	0.111672771	1.000000000000000
CTA-150C2.13	chr22	39317232	39320713	+	NA	NA
APOBEC3A	chr22	39348746	39359188	+	1.190961043	0.001027312898579
APOBEC3B	chr22	39378352	39388809	+	0.309425909	1.000000000000000
PDGFB	chr22	39619364	39640756	-	-0.816239611	0.037976542925886
AL031590.1	chr22	39656865	39657063	-	NA	NA
SNORD83A	chr22	39711218	39711312	-	NA	NA
RNU12	chr22	43011250	43011399	+	-0.313903615	1.000000000000000
CYB5R3	chr22	43013846	43045574	-	0.367593619	1.000000000000000
ATP5L2	chr22	43035809	43036607	-	-0.373122211	1.000000000000000
A4GALT	chr22	43088127	43117304	-	0.399385864	1.000000000000000
